1, 1, 4.000000000000000, 0.858407346410207, 2.809952020645142
1, 10, 3.600000000000000, 0.458407346410207, 2.761759996414185
1, 100, 3.200000000000000, 0.058407346410207, 2.752223968505859
1, 1000, 3.148000000000000, 0.006407346410207, 2.786592006683350
1, 10000, 3.134000000000000, 0.007592653589793, 3.058207988739014
1, 100000, 3.141080000000000, 0.000512653589793, 5.912320137023926
2, 2, 2.000000000000000, 1.141592653589793, 3.175456047058105
2, 20, 3.400000000000000, 0.258407346410207, 2.764960050582886
2, 200, 3.300000000000000, 0.158407346410207, 2.827199935913086
2, 2000, 3.178000000000000, 0.036407346410207, 2.801759958267212
2, 20000, 3.146800000000000, 0.005207346410207, 3.028512001037598
2, 200000, 3.140840000000000, 0.000752653589793, 5.957824230194092
4, 4, 3.000000000000000, 0.141592653589793, 2.791840076446533
4, 40, 3.200000000000000, 0.058407346410207, 2.793663978576660
4, 400, 3.170000000000000, 0.028407346410207, 2.796895980834961
4, 4000, 3.145000000000000, 0.003407346410207, 2.810111999511719
4, 40000, 3.143900000000000, 0.002307346410207, 3.098400115966797
4, 400000, 3.143820000000000, 0.002227346410207, 5.937920093536377
8, 8, 2.500000000000000, 0.641592653589793, 2.684031963348389
8, 80, 3.200000000000000, 0.058407346410207, 2.822175979614258
8, 800, 3.225000000000000, 0.083407346410207, 2.796416044235229
8, 8000, 3.152000000000000, 0.010407346410207, 2.853535890579224
8, 80000, 3.142350000000000, 0.000757346410207, 3.133568048477173
8, 800000, 3.142345000000000, 0.000752346410207, 5.989600181579590
16, 16, 3.000000000000000, 0.141592653589793, 2.868160009384155
16, 160, 3.150000000000000, 0.008407346410207, 2.856096029281616
16, 1600, 3.202500000000000, 0.060907346410207, 2.822560071945190
16, 16000, 3.155250000000000, 0.013657346410207, 2.841887950897217
16, 160000, 3.141050000000000, 0.000542653589793, 3.144831895828247
16, 1600000, 3.141447500000000, 0.000145153589793, 5.982816219329834
32, 32, 3.125000000000000, 0.016592653589793, 2.871488094329834
32, 320, 3.187500000000000, 0.045907346410207, 2.861567974090576
32, 3200, 3.167500000000000, 0.025907346410207, 3.080543994903564
32, 32000, 3.159125000000000, 0.017532346410207, 2.956320047378540
32, 320000, 3.145275000000000, 0.003682346410207, 3.615904092788696
32, 3200000, 3.141445000000000, 0.000147653589793, 6.630815982818604
64, 64, 3.187500000000000, 0.045907346410207, 2.868479967117310
64, 640, 3.243750000000000, 0.102157346410207, 3.019840002059937
64, 6400, 3.151875000000000, 0.010282346410207, 2.965183973312378
64, 64000, 3.148000000000000, 0.006407346410207, 3.033312082290649
64, 640000, 3.142237500000000, 0.000644846410207, 3.444927930831909
64, 6400000, 3.141019375000000, 0.000573278589793, 6.336991786956787
128, 128, 2.968750000000000, 0.172842653589793, 2.886399984359741
128, 1280, 3.140625000000000, 0.000967653589793, 3.013695955276489
128, 12800, 3.137812500000000, 0.003780153589793, 2.991103887557983
128, 128000, 3.144375000000000, 0.002782346410207, 2.933151960372925
128, 1280000, 3.140734375000000, 0.000858278589793, 3.228255987167358
128, 12800000, 3.141514375000000, 0.000078278589793, 6.085120201110840
256, 256, 3.109375000000000, 0.032217653589793, 2.932320117950439
256, 2560, 3.128125000000000, 0.013467653589793, 2.919935941696167
256, 25600, 3.136875000000000, 0.004717653589793, 2.961600065231323
256, 256000, 3.143703125000000, 0.002110471410207, 2.964639902114868
256, 2560000, 3.140539062500000, 0.001053591089793, 3.282432079315186
256, 25600000, 3.141623906250000, 0.000031252660207, 6.682176113128662
512, 512, 3.085937500000000, 0.055655153589793, 2.957087993621826
512, 5120, 3.133593750000000, 0.007998903589793, 2.972448110580444
512, 51200, 3.141093750000000, 0.000498903589793, 3.005919933319092
512, 512000, 3.143312500000000, 0.001719846410207, 2.979583978652954
512, 5120000, 3.141294531250000, 0.000298122339793, 3.619263887405396
512, 51200000, 3.141506718750000, 0.000085934839793, 8.754400253295898
1024, 1024, 3.105468750000000, 0.036123903589793, 3.200959920883179
1024, 10240, 3.137890625000000, 0.003702028589793, 3.304415941238403
1024, 102400, 3.135859375000000, 0.005733278589793, 3.178431987762451
1024, 1024000, 3.141980468750000, 0.000387815160207, 3.237119913101196
1024, 10240000, 3.141609375000000, 0.000016721410207, 4.289375782012939
1024, 102400000, 3.141551914062500, 0.000040739527293, 14.227135658264160
2, 2, 2.000000000000000, 1.141592653589793, 2.757855892181396
2, 20, 3.400000000000000, 0.258407346410207, 2.782207965850830
2, 200, 3.300000000000000, 0.158407346410207, 2.789632081985474
2, 2000, 3.178000000000000, 0.036407346410207, 2.891103982925415
2, 20000, 3.146800000000000, 0.005207346410207, 3.130687952041626
2, 200000, 3.140840000000000, 0.000752653589793, 5.944928169250488
4, 4, 3.000000000000000, 0.141592653589793, 2.825376033782959
4, 40, 3.200000000000000, 0.058407346410207, 2.792671918869019
4, 400, 3.170000000000000, 0.028407346410207, 2.797823905944824
4, 4000, 3.145000000000000, 0.003407346410207, 2.829504013061523
4, 40000, 3.143900000000000, 0.002307346410207, 3.127615928649902
4, 400000, 3.143820000000000, 0.002227346410207, 6.209599971771240
8, 8, 2.500000000000000, 0.641592653589793, 2.910687923431396
8, 80, 3.200000000000000, 0.058407346410207, 2.791487932205200
8, 800, 3.225000000000000, 0.083407346410207, 2.880768060684204
8, 8000, 3.152000000000000, 0.010407346410207, 2.944288015365601
8, 80000, 3.142350000000000, 0.000757346410207, 3.138848066329956
8, 800000, 3.142345000000000, 0.000752346410207, 5.982624053955078
16, 16, 3.000000000000000, 0.141592653589793, 2.812671899795532
16, 160, 3.150000000000000, 0.008407346410207, 2.814399957656860
16, 1600, 3.202500000000000, 0.060907346410207, 2.837856054306030
16, 16000, 3.155250000000000, 0.013657346410207, 2.875936031341553
16, 160000, 3.141050000000000, 0.000542653589793, 3.161119937896729
16, 1600000, 3.141447500000000, 0.000145153589793, 6.004320144653320
32, 32, 3.125000000000000, 0.016592653589793, 2.860287904739380
32, 320, 3.187500000000000, 0.045907346410207, 2.845024108886719
32, 3200, 3.167500000000000, 0.025907346410207, 2.834784030914307
32, 32000, 3.159125000000000, 0.017532346410207, 2.888992071151733
32, 320000, 3.145275000000000, 0.003682346410207, 3.153568029403687
32, 3200000, 3.141445000000000, 0.000147653589793, 5.996416091918945
64, 64, 3.187500000000000, 0.045907346410207, 2.899071931838989
64, 640, 3.243750000000000, 0.102157346410207, 2.890079975128174
64, 6400, 3.151875000000000, 0.010282346410207, 2.863935947418213
64, 64000, 3.148000000000000, 0.006407346410207, 2.915584087371826
64, 640000, 3.142237500000000, 0.000644846410207, 3.198335886001587
64, 6400000, 3.141019375000000, 0.000573278589793, 6.044191837310791
128, 128, 2.968750000000000, 0.172842653589793, 2.850975990295410
128, 1280, 3.140625000000000, 0.000967653589793, 2.883872032165527
128, 12800, 3.137812500000000, 0.003780153589793, 2.916735887527466
128, 128000, 3.144375000000000, 0.002782346410207, 2.939167976379395
128, 1280000, 3.140734375000000, 0.000858278589793, 3.198175907135010
128, 12800000, 3.141514375000000, 0.000078278589793, 6.042560100555420
256, 256, 3.109375000000000, 0.032217653589793, 2.929055929183960
256, 2560, 3.128125000000000, 0.013467653589793, 2.914783954620361
256, 25600, 3.136875000000000, 0.004717653589793, 2.919647932052612
256, 256000, 3.143703125000000, 0.002110471410207, 2.955807924270630
256, 2560000, 3.140539062500000, 0.001053591089793, 3.235296010971069
256, 25600000, 3.141623906250000, 0.000031252660207, 6.106207847595215
512, 512, 3.085937500000000, 0.055655153589793, 2.945983886718750
512, 5120, 3.133593750000000, 0.007998903589793, 2.930592060089111
512, 51200, 3.141093750000000, 0.000498903589793, 2.949503898620605
512, 512000, 3.143312500000000, 0.001719846410207, 2.975615978240967
512, 5120000, 3.141294531250000, 0.000298122339793, 3.316832065582275
512, 51200000, 3.141506718750000, 0.000085934839793, 6.787744045257568
1024, 1024, 3.105468750000000, 0.036123903589793, 2.995071887969971
1024, 10240, 3.137890625000000, 0.003702028589793, 3.022847890853882
1024, 102400, 3.135859375000000, 0.005733278589793, 3.082592010498047
1024, 1024000, 3.141980468750000, 0.000387815160207, 3.065759897232056
1024, 10240000, 3.141609375000000, 0.000016721410207, 3.613152027130127
1024, 102400000, 3.141551914062500, 0.000040739527293, 8.746175765991211
2048, 2048, 3.117187500000000, 0.024405153589793, 3.163615942001343
2048, 20480, 3.134179687500000, 0.007412966089793, 3.186176061630249
2048, 204800, 3.139492187500000, 0.002100466089793, 3.182591915130615
2048, 2048000, 3.141523437500000, 0.000069216089793, 3.244127988815308
2048, 20480000, 3.141573437500000, 0.000019216089793, 4.263711929321289
2048, 204800000, 3.141698808593750, 0.000106155003957, 14.312992095947266
4, 4, 3.000000000000000, 0.141592653589793, 2.792608022689819
4, 40, 3.200000000000000, 0.058407346410207, 3.001375913619995
4, 400, 3.170000000000000, 0.028407346410207, 2.838815927505493
4, 4000, 3.145000000000000, 0.003407346410207, 2.848864078521729
4, 40000, 3.143900000000000, 0.002307346410207, 3.107136011123657
4, 400000, 3.143820000000000, 0.002227346410207, 5.949120044708252
8, 8, 2.500000000000000, 0.641592653589793, 2.815327882766724
8, 80, 3.200000000000000, 0.058407346410207, 2.800735950469971
8, 800, 3.225000000000000, 0.083407346410207, 2.793728113174438
8, 8000, 3.152000000000000, 0.010407346410207, 2.673536062240601
8, 80000, 3.142350000000000, 0.000757346410207, 3.124416112899780
8, 800000, 3.142345000000000, 0.000752346410207, 6.044703960418701
16, 16, 3.000000000000000, 0.141592653589793, 2.843935966491699
16, 160, 3.150000000000000, 0.008407346410207, 2.841919898986816
16, 1600, 3.202500000000000, 0.060907346410207, 2.840768098831177
16, 16000, 3.155250000000000, 0.013657346410207, 2.844991922378540
16, 160000, 3.141050000000000, 0.000542653589793, 3.158528089523315
16, 1600000, 3.141447500000000, 0.000145153589793, 5.977056026458740
32, 32, 3.125000000000000, 0.016592653589793, 2.810143947601318
32, 320, 3.187500000000000, 0.045907346410207, 2.838560104370117
32, 3200, 3.167500000000000, 0.025907346410207, 2.829695940017700
32, 32000, 3.159125000000000, 0.017532346410207, 2.940479993820190
32, 320000, 3.145275000000000, 0.003682346410207, 3.183903932571411
32, 3200000, 3.141445000000000, 0.000147653589793, 6.000127792358398
64, 64, 3.187500000000000, 0.045907346410207, 2.808000087738037
64, 640, 3.243750000000000, 0.102157346410207, 2.879136085510254
64, 6400, 3.151875000000000, 0.010282346410207, 2.983200073242188
64, 64000, 3.148000000000000, 0.006407346410207, 2.995104074478149
64, 640000, 3.142237500000000, 0.000644846410207, 3.212703943252563
64, 6400000, 3.141019375000000, 0.000573278589793, 6.161312103271484
128, 128, 2.968750000000000, 0.172842653589793, 2.977920055389404
128, 1280, 3.140625000000000, 0.000967653589793, 3.053344011306763
128, 12800, 3.137812500000000, 0.003780153589793, 2.898591995239258
128, 128000, 3.144375000000000, 0.002782346410207, 2.976255893707275
128, 1280000, 3.140734375000000, 0.000858278589793, 3.267456054687500
128, 12800000, 3.141514375000000, 0.000078278589793, 6.086368083953857
256, 256, 3.109375000000000, 0.032217653589793, 2.941407918930054
256, 2560, 3.128125000000000, 0.013467653589793, 2.926304101943970
256, 25600, 3.136875000000000, 0.004717653589793, 2.803263902664185
256, 256000, 3.143703125000000, 0.002110471410207, 2.857439994812012
256, 2560000, 3.140539062500000, 0.001053591089793, 3.288000106811523
256, 25600000, 3.141623906250000, 0.000031252660207, 6.131904125213623
512, 512, 3.085937500000000, 0.055655153589793, 3.034559965133667
512, 5120, 3.133593750000000, 0.007998903589793, 2.963392019271851
512, 51200, 3.141093750000000, 0.000498903589793, 3.032704114913940
512, 512000, 3.143312500000000, 0.001719846410207, 2.996959924697876
512, 5120000, 3.141294531250000, 0.000298122339793, 3.259520053863525
512, 51200000, 3.141506718750000, 0.000085934839793, 6.139616012573242
1024, 1024, 3.105468750000000, 0.036123903589793, 3.199071884155273
1024, 10240, 3.137890625000000, 0.003702028589793, 2.995712041854858
1024, 102400, 3.135859375000000, 0.005733278589793, 3.351392030715942
1024, 1024000, 3.141980468750000, 0.000387815160207, 3.076096057891846
1024, 10240000, 3.141609375000000, 0.000016721410207, 3.342400074005127
1024, 102400000, 3.141551914062500, 0.000040739527293, 6.741407871246338
2048, 2048, 3.117187500000000, 0.024405153589793, 3.042239904403687
2048, 20480, 3.134179687500000, 0.007412966089793, 3.017024040222168
2048, 204800, 3.139492187500000, 0.002100466089793, 3.073856115341187
2048, 2048000, 3.141523437500000, 0.000069216089793, 3.174880027770996
2048, 20480000, 3.141573437500000, 0.000019216089793, 3.570591926574707
2048, 204800000, 3.141698808593750, 0.000106155003957, 8.798815727233887
4096, 4096, 3.117187500000000, 0.024405153589793, 3.198944091796875
4096, 40960, 3.138769531250000, 0.002823122339793, 3.206880092620850
4096, 409600, 3.138154296875000, 0.003438356714793, 3.251071929931641
4096, 4096000, 3.140332031250000, 0.001260622339793, 3.445663928985596
4096, 40960000, 3.141352343750000, 0.000240309839793, 4.750016212463379
4096, 409600000, 3.141663974609375, 0.000071321019582, 16.826431274414062
8, 8, 2.500000000000000, 0.641592653589793, 2.867808103561401
8, 80, 3.200000000000000, 0.058407346410207, 2.798048019409180
8, 800, 3.225000000000000, 0.083407346410207, 2.799679994583130
8, 8000, 3.152000000000000, 0.010407346410207, 2.844543933868408
8, 80000, 3.142350000000000, 0.000757346410207, 3.197344064712524
8, 800000, 3.142345000000000, 0.000752346410207, 5.984255790710449
16, 16, 3.000000000000000, 0.141592653589793, 2.885119915008545
16, 160, 3.150000000000000, 0.008407346410207, 2.841824054718018
16, 1600, 3.202500000000000, 0.060907346410207, 2.929503917694092
16, 16000, 3.155250000000000, 0.013657346410207, 2.868511915206909
16, 160000, 3.141050000000000, 0.000542653589793, 3.197247982025146
16, 1600000, 3.141447500000000, 0.000145153589793, 6.017600059509277
32, 32, 3.125000000000000, 0.016592653589793, 2.884095907211304
32, 320, 3.187500000000000, 0.045907346410207, 2.779711961746216
32, 3200, 3.167500000000000, 0.025907346410207, 3.002336025238037
32, 32000, 3.159125000000000, 0.017532346410207, 2.878976106643677
32, 320000, 3.145275000000000, 0.003682346410207, 3.179136037826538
32, 3200000, 3.141445000000000, 0.000147653589793, 5.990975856781006
64, 64, 3.187500000000000, 0.045907346410207, 2.888607978820801
64, 640, 3.243750000000000, 0.102157346410207, 2.865119934082031
64, 6400, 3.151875000000000, 0.010282346410207, 2.899840116500854
64, 64000, 3.148000000000000, 0.006407346410207, 2.896032094955444
64, 640000, 3.142237500000000, 0.000644846410207, 3.120575904846191
64, 6400000, 3.141019375000000, 0.000573278589793, 6.023327827453613
128, 128, 2.968750000000000, 0.172842653589793, 2.961663961410522
128, 1280, 3.140625000000000, 0.000967653589793, 2.911999940872192
128, 12800, 3.137812500000000, 0.003780153589793, 2.912512063980103
128, 128000, 3.144375000000000, 0.002782346410207, 2.996608018875122
128, 1280000, 3.140734375000000, 0.000858278589793, 3.572927951812744
128, 12800000, 3.141514375000000, 0.000078278589793, 6.156767845153809
256, 256, 3.109375000000000, 0.032217653589793, 2.959104061126709
256, 2560, 3.128125000000000, 0.013467653589793, 3.068991899490356
256, 25600, 3.136875000000000, 0.004717653589793, 3.166016101837158
256, 256000, 3.143703125000000, 0.002110471410207, 2.810623884201050
256, 2560000, 3.140539062500000, 0.001053591089793, 3.301311969757080
256, 25600000, 3.141623906250000, 0.000031252660207, 6.560256004333496
512, 512, 3.085937500000000, 0.055655153589793, 3.009439945220947
512, 5120, 3.133593750000000, 0.007998903589793, 3.324095964431763
512, 51200, 3.141093750000000, 0.000498903589793, 3.237056016921997
512, 512000, 3.143312500000000, 0.001719846410207, 3.827455997467041
512, 5120000, 3.141294531250000, 0.000298122339793, 3.374720096588135
512, 51200000, 3.141506718750000, 0.000085934839793, 6.137055873870850
1024, 1024, 3.105468750000000, 0.036123903589793, 3.053600072860718
1024, 10240, 3.137890625000000, 0.003702028589793, 3.083616018295288
1024, 102400, 3.135859375000000, 0.005733278589793, 3.001215934753418
1024, 1024000, 3.141980468750000, 0.000387815160207, 2.897376060485840
1024, 10240000, 3.141609375000000, 0.000016721410207, 3.350687980651855
1024, 102400000, 3.141551914062500, 0.000040739527293, 6.159840106964111
2048, 2048, 3.117187500000000, 0.024405153589793, 2.974591970443726
2048, 20480, 3.134179687500000, 0.007412966089793, 2.987551927566528
2048, 204800, 3.139492187500000, 0.002100466089793, 2.992575883865356
2048, 2048000, 3.141523437500000, 0.000069216089793, 3.034271955490112
2048, 20480000, 3.141573437500000, 0.000019216089793, 3.347199916839600
2048, 204800000, 3.141698808593750, 0.000106155003957, 6.752448081970215
4096, 4096, 3.117187500000000, 0.024405153589793, 3.027776002883911
4096, 40960, 3.138769531250000, 0.002823122339793, 2.931583881378174
4096, 409600, 3.138154296875000, 0.003438356714793, 3.082207918167114
4096, 4096000, 3.140332031250000, 0.001260622339793, 3.120448112487793
4096, 40960000, 3.141352343750000, 0.000240309839793, 3.613663911819458
4096, 409600000, 3.141663974609375, 0.000071321019582, 8.852352142333984
8192, 8192, 3.116210937500000, 0.025381716089793, 3.352672100067139
8192, 81920, 3.141796875000000, 0.000204221410207, 3.334464073181152
8192, 819200, 3.140239257812500, 0.001353395777293, 3.324223995208740
8192, 8192000, 3.140787109375000, 0.000805544214793, 3.440448045730591
8192, 81920000, 3.141553857421875, 0.000038796167918, 4.409535884857178
8192, 819200000, 3.141583427734375, 0.000009225855418, 14.606656074523926
16, 16, 3.000000000000000, 0.141592653589793, 2.840640068054199
16, 160, 3.150000000000000, 0.008407346410207, 2.882112026214600
16, 1600, 3.202500000000000, 0.060907346410207, 2.842943906784058
16, 16000, 3.155250000000000, 0.013657346410207, 2.915008068084717
16, 160000, 3.141050000000000, 0.000542653589793, 3.180448055267334
16, 1600000, 3.141447500000000, 0.000145153589793, 6.022240161895752
32, 32, 3.125000000000000, 0.016592653589793, 2.921024084091187
32, 320, 3.187500000000000, 0.045907346410207, 2.880959987640381
32, 3200, 3.167500000000000, 0.025907346410207, 2.859967947006226
32, 32000, 3.159125000000000, 0.017532346410207, 2.903487920761108
32, 320000, 3.145275000000000, 0.003682346410207, 2.897696018218994
32, 3200000, 3.141445000000000, 0.000147653589793, 6.024447917938232
64, 64, 3.187500000000000, 0.045907346410207, 2.881599903106689
64, 640, 3.243750000000000, 0.102157346410207, 2.850719928741455
64, 6400, 3.151875000000000, 0.010282346410207, 2.939264059066772
64, 64000, 3.148000000000000, 0.006407346410207, 2.980864048004150
64, 640000, 3.142237500000000, 0.000644846410207, 3.180704116821289
64, 6400000, 3.141019375000000, 0.000573278589793, 6.051583766937256
128, 128, 2.968750000000000, 0.172842653589793, 2.897311925888062
128, 1280, 3.140625000000000, 0.000967653589793, 2.911295890808105
128, 12800, 3.137812500000000, 0.003780153589793, 2.886912107467651
128, 128000, 3.144375000000000, 0.002782346410207, 2.921567916870117
128, 1280000, 3.140734375000000, 0.000858278589793, 3.207456111907959
128, 12800000, 3.141514375000000, 0.000078278589793, 6.032127857208252
256, 256, 3.109375000000000, 0.032217653589793, 2.954911947250366
256, 2560, 3.128125000000000, 0.013467653589793, 2.920736074447632
256, 25600, 3.136875000000000, 0.004717653589793, 2.920639991760254
256, 256000, 3.143703125000000, 0.002110471410207, 3.031935930252075
256, 2560000, 3.140539062500000, 0.001053591089793, 3.154592037200928
256, 25600000, 3.141623906250000, 0.000031252660207, 6.017471790313721
512, 512, 3.085937500000000, 0.055655153589793, 2.904544115066528
512, 5120, 3.133593750000000, 0.007998903589793, 2.942431926727295
512, 51200, 3.141093750000000, 0.000498903589793, 2.925343990325928
512, 512000, 3.143312500000000, 0.001719846410207, 2.955615997314453
512, 5120000, 3.141294531250000, 0.000298122339793, 3.264928102493286
512, 51200000, 3.141506718750000, 0.000085934839793, 6.086495876312256
1024, 1024, 3.105468750000000, 0.036123903589793, 2.980576038360596
1024, 10240, 3.137890625000000, 0.003702028589793, 2.967616081237793
1024, 102400, 3.135859375000000, 0.005733278589793, 2.971456050872803
1024, 1024000, 3.141980468750000, 0.000387815160207, 2.997983932495117
1024, 10240000, 3.141609375000000, 0.000016721410207, 3.260479927062988
1024, 102400000, 3.141551914062500, 0.000040739527293, 6.115039825439453
2048, 2048, 3.117187500000000, 0.024405153589793, 3.034976005554199
2048, 20480, 3.134179687500000, 0.007412966089793, 2.983520030975342
2048, 204800, 3.139492187500000, 0.002100466089793, 2.967456102371216
2048, 2048000, 3.141523437500000, 0.000069216089793, 3.012160062789917
2048, 20480000, 3.141573437500000, 0.000019216089793, 3.340224027633667
2048, 204800000, 3.141698808593750, 0.000106155003957, 6.727583885192871
4096, 4096, 3.117187500000000, 0.024405153589793, 3.037503957748413
4096, 40960, 3.138769531250000, 0.002823122339793, 3.057055950164795
4096, 409600, 3.138154296875000, 0.003438356714793, 2.983680009841919
4096, 4096000, 3.140332031250000, 0.001260622339793, 3.065471887588501
4096, 40960000, 3.141352343750000, 0.000240309839793, 3.553600072860718
4096, 409600000, 3.141663974609375, 0.000071321019582, 8.882528305053711
8192, 8192, 3.116210937500000, 0.025381716089793, 3.309216022491455
8192, 81920, 3.141796875000000, 0.000204221410207, 3.233472108840942
8192, 819200, 3.140239257812500, 0.001353395777293, 3.245759963989258
8192, 8192000, 3.140787109375000, 0.000805544214793, 3.240511894226074
8192, 81920000, 3.141553857421875, 0.000038796167918, 4.251904010772705
8192, 819200000, 3.141583427734375, 0.000009225855418, 14.504096031188965
16384, 16384, 3.132568359375000, 0.009024294214793, 3.774111986160278
16384, 163840, 3.137500000000000, 0.004092653589793, 3.800096035003662
16384, 1638400, 3.141030273437500, 0.000562380152293, 3.751296043395996
16384, 16384000, 3.140885253906250, 0.000707399683543, 3.841439962387085
16384, 163840000, 3.141533056640625, 0.000059596949168, 5.872960090637207
16384, 1638400000, 3.141602412109375, 0.000009758519582, 26.254751205444336
32, 32, 3.125000000000000, 0.016592653589793, 2.780512094497681
32, 320, 3.187500000000000, 0.045907346410207, 2.834527969360352
32, 3200, 3.167500000000000, 0.025907346410207, 2.858239889144897
32, 32000, 3.159125000000000, 0.017532346410207, 2.880768060684204
32, 320000, 3.145275000000000, 0.003682346410207, 3.144927978515625
32, 3200000, 3.141445000000000, 0.000147653589793, 6.016767978668213
64, 64, 3.187500000000000, 0.045907346410207, 2.865472078323364
64, 640, 3.243750000000000, 0.102157346410207, 2.846911907196045
64, 6400, 3.151875000000000, 0.010282346410207, 2.873120069503784
64, 64000, 3.148000000000000, 0.006407346410207, 2.892064094543457
64, 640000, 3.142237500000000, 0.000644846410207, 3.117727994918823
64, 6400000, 3.141019375000000, 0.000573278589793, 6.011360168457031
128, 128, 2.968750000000000, 0.172842653589793, 2.897376060485840
128, 1280, 3.140625000000000, 0.000967653589793, 2.892895936965942
128, 12800, 3.137812500000000, 0.003780153589793, 2.894783973693848
128, 128000, 3.144375000000000, 0.002782346410207, 2.918175935745239
128, 1280000, 3.140734375000000, 0.000858278589793, 3.196383953094482
128, 12800000, 3.141514375000000, 0.000078278589793, 6.047872066497803
256, 256, 3.109375000000000, 0.032217653589793, 2.900095939636230
256, 2560, 3.128125000000000, 0.013467653589793, 2.924191951751709
256, 25600, 3.136875000000000, 0.004717653589793, 2.938463926315308
256, 256000, 3.143703125000000, 0.002110471410207, 2.960959911346436
256, 2560000, 3.140539062500000, 0.001053591089793, 3.235775947570801
256, 25600000, 3.141623906250000, 0.000031252660207, 6.651711940765381
512, 512, 3.085937500000000, 0.055655153589793, 2.932287931442261
512, 5120, 3.133593750000000, 0.007998903589793, 3.005055904388428
512, 51200, 3.141093750000000, 0.000498903589793, 2.924864053726196
512, 512000, 3.143312500000000, 0.001719846410207, 2.967103958129883
512, 5120000, 3.141294531250000, 0.000298122339793, 3.262624025344849
512, 51200000, 3.141506718750000, 0.000085934839793, 6.090432167053223
1024, 1024, 3.105468750000000, 0.036123903589793, 3.023744106292725
1024, 10240, 3.137890625000000, 0.003702028589793, 2.931679964065552
1024, 102400, 3.135859375000000, 0.005733278589793, 2.957887887954712
1024, 1024000, 3.141980468750000, 0.000387815160207, 2.967295885086060
1024, 10240000, 3.141609375000000, 0.000016721410207, 3.269119977951050
1024, 102400000, 3.141551914062500, 0.000040739527293, 6.102431774139404
2048, 2048, 3.117187500000000, 0.024405153589793, 2.992511987686157
2048, 20480, 3.134179687500000, 0.007412966089793, 2.960896015167236
2048, 204800, 3.139492187500000, 0.002100466089793, 2.979840040206909
2048, 2048000, 3.141523437500000, 0.000069216089793, 3.020191907882690
2048, 20480000, 3.141573437500000, 0.000019216089793, 3.332895994186401
2048, 204800000, 3.141698808593750, 0.000106155003957, 6.756671905517578
4096, 4096, 3.117187500000000, 0.024405153589793, 3.051808118820190
4096, 40960, 3.138769531250000, 0.002823122339793, 3.076960086822510
4096, 409600, 3.138154296875000, 0.003438356714793, 3.067104101181030
4096, 4096000, 3.140332031250000, 0.001260622339793, 2.964128017425537
4096, 40960000, 3.141352343750000, 0.000240309839793, 3.474495887756348
4096, 409600000, 3.141663974609375, 0.000071321019582, 7.708928108215332
8192, 8192, 3.116210937500000, 0.025381716089793, 3.190304040908813
8192, 81920, 3.141796875000000, 0.000204221410207, 3.101792097091675
8192, 819200, 3.140239257812500, 0.001353395777293, 3.155551910400391
8192, 8192000, 3.140787109375000, 0.000805544214793, 3.210911989212036
8192, 81920000, 3.141553857421875, 0.000038796167918, 3.971679925918579
8192, 819200000, 3.141583427734375, 0.000009225855418, 11.870495796203613
16384, 16384, 3.132568359375000, 0.009024294214793, 3.590143918991089
16384, 163840, 3.137500000000000, 0.004092653589793, 3.603231906890869
16384, 1638400, 3.141030273437500, 0.000562380152293, 3.654592037200928
16384, 16384000, 3.140885253906250, 0.000707399683543, 3.667776107788086
16384, 163840000, 3.141533056640625, 0.000059596949168, 5.493184089660645
16384, 1638400000, 3.141602412109375, 0.000009758519582, 20.806783676147461
32768, 32768, 3.138183593750000, 0.003409059839793, 4.666848182678223
32768, 327680, 3.142138671875000, 0.000546018285207, 4.954688072204590
32768, 3276800, 3.140699462890625, 0.000893190699168, 4.394112110137939
32768, 32768000, 3.141277954101562, 0.000314699488231, 5.301311969757080
32768, 327680000, 3.141510363769531, 0.000082289820262, 7.817632198333740
32768, 3276800000, 3.141594965820313, 0.000002312230519, 37.968639373779297
64, 64, 3.187500000000000, 0.045907346410207, 2.934943914413452
64, 640, 3.243750000000000, 0.102157346410207, 2.882719993591309
64, 6400, 3.151875000000000, 0.010282346410207, 2.896352052688599
64, 64000, 3.148000000000000, 0.006407346410207, 2.912096023559570
64, 640000, 3.142237500000000, 0.000644846410207, 3.219072103500366
64, 6400000, 3.141019375000000, 0.000573278589793, 6.581696033477783
128, 128, 2.968750000000000, 0.172842653589793, 2.988064050674438
128, 1280, 3.140625000000000, 0.000967653589793, 2.941440105438232
128, 12800, 3.137812500000000, 0.003780153589793, 2.893791913986206
128, 128000, 3.144375000000000, 0.002782346410207, 2.932800054550171
128, 1280000, 3.140734375000000, 0.000858278589793, 3.256383895874023
128, 12800000, 3.141514375000000, 0.000078278589793, 6.672416210174561
256, 256, 3.109375000000000, 0.032217653589793, 2.913727998733521
256, 2560, 3.128125000000000, 0.013467653589793, 2.941344022750854
256, 25600, 3.136875000000000, 0.004717653589793, 2.979487895965576
256, 256000, 3.143703125000000, 0.002110471410207, 2.959712028503418
256, 2560000, 3.140539062500000, 0.001053591089793, 3.287487983703613
256, 25600000, 3.141623906250000, 0.000031252660207, 6.716928005218506
512, 512, 3.085937500000000, 0.055655153589793, 2.923487901687622
512, 5120, 3.133593750000000, 0.007998903589793, 3.029664039611816
512, 51200, 3.141093750000000, 0.000498903589793, 2.789407968521118
512, 512000, 3.143312500000000, 0.001719846410207, 3.039103984832764
512, 5120000, 3.141294531250000, 0.000298122339793, 3.357599973678589
512, 51200000, 3.141506718750000, 0.000085934839793, 6.708320140838623
1024, 1024, 3.105468750000000, 0.036123903589793, 2.969504117965698
1024, 10240, 3.137890625000000, 0.003702028589793, 2.963423967361450
1024, 102400, 3.135859375000000, 0.005733278589793, 2.962239980697632
1024, 1024000, 3.141980468750000, 0.000387815160207, 2.824192047119141
1024, 10240000, 3.141609375000000, 0.000016721410207, 3.393568038940430
1024, 102400000, 3.141551914062500, 0.000040739527293, 6.752096176147461
2048, 2048, 3.117187500000000, 0.024405153589793, 2.982431888580322
2048, 20480, 3.134179687500000, 0.007412966089793, 2.905663967132568
2048, 204800, 3.139492187500000, 0.002100466089793, 3.001215934753418
2048, 2048000, 3.141523437500000, 0.000069216089793, 3.032608032226562
2048, 20480000, 3.141573437500000, 0.000019216089793, 3.369920015335083
2048, 204800000, 3.141698808593750, 0.000106155003957, 6.635583877563477
4096, 4096, 3.117187500000000, 0.024405153589793, 3.134111881256104
4096, 40960, 3.138769531250000, 0.002823122339793, 3.050751924514771
4096, 409600, 3.138154296875000, 0.003438356714793, 3.033600091934204
4096, 4096000, 3.140332031250000, 0.001260622339793, 3.062272071838379
4096, 40960000, 3.141352343750000, 0.000240309839793, 3.499007940292358
4096, 409600000, 3.141663974609375, 0.000071321019582, 7.581600189208984
8192, 8192, 3.116210937500000, 0.025381716089793, 3.149888038635254
8192, 81920, 3.141796875000000, 0.000204221410207, 3.144927978515625
8192, 819200, 3.140239257812500, 0.001353395777293, 3.152863979339600
8192, 8192000, 3.140787109375000, 0.000805544214793, 3.175647974014282
8192, 81920000, 3.141553857421875, 0.000038796167918, 3.812351942062378
8192, 819200000, 3.141583427734375, 0.000009225855418, 10.551775932312012
16384, 16384, 3.132568359375000, 0.009024294214793, 3.491136074066162
16384, 163840, 3.137500000000000, 0.004092653589793, 3.502271890640259
16384, 1638400, 3.141030273437500, 0.000562380152293, 3.482592105865479
16384, 16384000, 3.140885253906250, 0.000707399683543, 3.563616037368774
16384, 163840000, 3.141533056640625, 0.000059596949168, 4.845344066619873
16384, 1638400000, 3.141602412109375, 0.000009758519582, 18.111520767211914
32768, 32768, 3.138183593750000, 0.003409059839793, 4.633600234985352
32768, 327680, 3.142138671875000, 0.000546018285207, 4.933184146881104
32768, 3276800, 3.140699462890625, 0.000893190699168, 4.380479812622070
32768, 32768000, 3.141277954101562, 0.000314699488231, 4.662079811096191
32768, 327680000, 3.141510363769531, 0.000082289820262, 7.698815822601318
32768, 3276800000, 3.141594965820313, 0.000002312230519, 32.867904663085938
65536, 65536, 3.139526367187500, 0.002066286402293, 6.252543926239014
65536, 655360, 3.140771484375000, 0.000821169214793, 6.276159763336182
65536, 6553600, 3.141821899414063, 0.000229245824269, 6.029600143432617
65536, 65536000, 3.141375183105469, 0.000217470484325, 6.545567989349365
65536, 655360000, 3.141564349365234, 0.000028304224559, 12.371999740600586
65536, 6553600000, 3.141583500976563, 0.000009152613230, 61.172126770019531
128, 128, 2.968750000000000, 0.172842653589793, 2.890719890594482
128, 1280, 3.140625000000000, 0.000967653589793, 3.609760046005249
128, 12800, 3.137812500000000, 0.003780153589793, 2.882496118545532
128, 128000, 3.144375000000000, 0.002782346410207, 2.921119928359985
128, 1280000, 3.140734375000000, 0.000858278589793, 3.377343893051147
128, 12800000, 3.141514375000000, 0.000078278589793, 7.674592018127441
256, 256, 3.109375000000000, 0.032217653589793, 2.985856056213379
256, 2560, 3.128125000000000, 0.013467653589793, 2.903615951538086
256, 25600, 3.136875000000000, 0.004717653589793, 2.935199975967407
256, 256000, 3.143703125000000, 0.002110471410207, 2.981535911560059
256, 2560000, 3.140539062500000, 0.001053591089793, 3.393120050430298
256, 25600000, 3.141623906250000, 0.000031252660207, 7.647615909576416
512, 512, 3.085937500000000, 0.055655153589793, 2.978656053543091
512, 5120, 3.133593750000000, 0.007998903589793, 2.853663921356201
512, 51200, 3.141093750000000, 0.000498903589793, 2.947839975357056
512, 512000, 3.143312500000000, 0.001719846410207, 2.999039888381958
512, 5120000, 3.141294531250000, 0.000298122339793, 3.412415981292725
512, 51200000, 3.141506718750000, 0.000085934839793, 7.717728137969971
1024, 1024, 3.105468750000000, 0.036123903589793, 2.959327936172485
1024, 10240, 3.137890625000000, 0.003702028589793, 2.975424051284790
1024, 102400, 3.135859375000000, 0.005733278589793, 2.983583927154541
1024, 1024000, 3.141980468750000, 0.000387815160207, 3.019263982772827
1024, 10240000, 3.141609375000000, 0.000016721410207, 3.429343938827515
1024, 102400000, 3.141551914062500, 0.000040739527293, 7.558623790740967
2048, 2048, 3.117187500000000, 0.024405153589793, 3.002144098281860
2048, 20480, 3.134179687500000, 0.007412966089793, 2.920192003250122
2048, 204800, 3.139492187500000, 0.002100466089793, 3.008447885513306
2048, 2048000, 3.141523437500000, 0.000069216089793, 3.053951978683472
2048, 20480000, 3.141573437500000, 0.000019216089793, 3.437184095382690
2048, 204800000, 3.141698808593750, 0.000106155003957, 7.735136032104492
4096, 4096, 3.117187500000000, 0.024405153589793, 3.019583940505981
4096, 40960, 3.138769531250000, 0.002823122339793, 3.043776035308838
4096, 409600, 3.138154296875000, 0.003438356714793, 3.078912019729614
4096, 4096000, 3.140332031250000, 0.001260622339793, 3.040127992630005
4096, 40960000, 3.141352343750000, 0.000240309839793, 3.470943927764893
4096, 409600000, 3.141663974609375, 0.000071321019582, 7.788095951080322
8192, 8192, 3.116210937500000, 0.025381716089793, 3.131680011749268
8192, 81920, 3.141796875000000, 0.000204221410207, 3.020864009857178
8192, 819200, 3.140239257812500, 0.001353395777293, 3.127104043960571
8192, 8192000, 3.140787109375000, 0.000805544214793, 3.110624074935913
8192, 81920000, 3.141553857421875, 0.000038796167918, 3.849280118942261
8192, 819200000, 3.141583427734375, 0.000009225855418, 10.538911819458008
16384, 16384, 3.132568359375000, 0.009024294214793, 3.441792011260986
16384, 163840, 3.137500000000000, 0.004092653589793, 3.521343946456909
16384, 1638400, 3.141030273437500, 0.000562380152293, 3.478015899658203
16384, 16384000, 3.140885253906250, 0.000707399683543, 3.507647991180420
16384, 163840000, 3.141533056640625, 0.000059596949168, 4.688576221466064
16384, 1638400000, 3.141602412109375, 0.000009758519582, 16.658687591552734
32768, 32768, 3.138183593750000, 0.003409059839793, 4.564960002899170
32768, 327680, 3.142138671875000, 0.000546018285207, 4.652416229248047
32768, 3276800, 3.140699462890625, 0.000893190699168, 4.393568038940430
32768, 32768000, 3.141277954101562, 0.000314699488231, 4.481632232666016
32768, 327680000, 3.141510363769531, 0.000082289820262, 7.074016094207764
32768, 3276800000, 3.141594965820313, 0.000002312230519, 33.380737304687500
65536, 65536, 3.139526367187500, 0.002066286402293, 6.607744216918945
65536, 655360, 3.140771484375000, 0.000821169214793, 6.138783931732178
65536, 6553600, 3.141821899414063, 0.000229245824269, 5.842304229736328
65536, 65536000, 3.141375183105469, 0.000217470484325, 6.663648128509521
65536, 655360000, 3.141564349365234, 0.000028304224559, 11.512096405029297
65536, 6553600000, 3.141583500976563, 0.000009152613230, 62.074367523193359
131072, 131072, 3.140747070312500, 0.000845583277293, 8.542847633361816
131072, 1310720, 3.142007446289063, 0.000414792699269, 8.313407897949219
131072, 13107200, 3.141426391601562, 0.000166261988231, 8.580767631530762
131072, 131072000, 3.141464721679688, 0.000127931910106, 9.615167617797852
131072, 1310720000, 3.141571228027344, 0.000021425562450, 17.801792144775391
131072, 13107200000, 3.141581493835449, 0.000011159754344, 107.731933593750000
256, 256, 3.109375000000000, 0.032217653589793, 3.653984069824219
256, 2560, 3.128125000000000, 0.013467653589793, 2.960896015167236
256, 25600, 3.136875000000000, 0.004717653589793, 2.940479993820190
256, 256000, 3.143703125000000, 0.002110471410207, 3.240576028823853
256, 2560000, 3.140539062500000, 0.001053591089793, 3.987391948699951
256, 25600000, 3.141623906250000, 0.000031252660207, 10.822624206542969
512, 512, 3.085937500000000, 0.055655153589793, 3.472032070159912
512, 5120, 3.133593750000000, 0.007998903589793, 3.122047901153564
512, 51200, 3.141093750000000, 0.000498903589793, 3.521440029144287
512, 512000, 3.143312500000000, 0.001719846410207, 3.112447977066040
512, 5120000, 3.141294531250000, 0.000298122339793, 3.713824033737183
512, 51200000, 3.141506718750000, 0.000085934839793, 9.907296180725098
1024, 1024, 3.105468750000000, 0.036123903589793, 3.038496017456055
1024, 10240, 3.137890625000000, 0.003702028589793, 3.057535886764526
1024, 102400, 3.135859375000000, 0.005733278589793, 3.653728008270264
1024, 1024000, 3.141980468750000, 0.000387815160207, 3.097280025482178
1024, 10240000, 3.141609375000000, 0.000016721410207, 3.623264074325562
1024, 102400000, 3.141551914062500, 0.000040739527293, 9.927103996276855
2048, 2048, 3.117187500000000, 0.024405153589793, 3.727423906326294
2048, 20480, 3.134179687500000, 0.007412966089793, 3.442751884460449
2048, 204800, 3.139492187500000, 0.002100466089793, 3.419487953186035
2048, 2048000, 3.141523437500000, 0.000069216089793, 3.647743940353394
2048, 20480000, 3.141573437500000, 0.000019216089793, 3.817215919494629
2048, 204800000, 3.141698808593750, 0.000106155003957, 9.516608238220215
4096, 4096, 3.117187500000000, 0.024405153589793, 3.131232023239136
4096, 40960, 3.138769531250000, 0.002823122339793, 3.266943931579590
4096, 409600, 3.138154296875000, 0.003438356714793, 3.121695995330811
4096, 4096000, 3.140332031250000, 0.001260622339793, 3.191040039062500
4096, 40960000, 3.141352343750000, 0.000240309839793, 4.115136146545410
4096, 409600000, 3.141663974609375, 0.000071321019582, 10.646847724914551
8192, 8192, 3.116210937500000, 0.025381716089793, 3.154335975646973
8192, 81920, 3.141796875000000, 0.000204221410207, 3.185856103897095
8192, 819200, 3.140239257812500, 0.001353395777293, 3.187648057937622
8192, 8192000, 3.140787109375000, 0.000805544214793, 3.543296098709106
8192, 81920000, 3.141553857421875, 0.000038796167918, 3.988064050674438
8192, 819200000, 3.141583427734375, 0.000009225855418, 11.601183891296387
16384, 16384, 3.132568359375000, 0.009024294214793, 3.579168081283569
16384, 163840, 3.137500000000000, 0.004092653589793, 3.356863975524902
16384, 1638400, 3.141030273437500, 0.000562380152293, 3.599584102630615
16384, 16384000, 3.140885253906250, 0.000707399683543, 3.663808107376099
16384, 163840000, 3.141533056640625, 0.000059596949168, 5.048031806945801
16384, 1638400000, 3.141602412109375, 0.000009758519582, 17.088415145874023
32768, 32768, 3.138183593750000, 0.003409059839793, 5.434944152832031
32768, 327680, 3.142138671875000, 0.000546018285207, 4.544159889221191
32768, 3276800, 3.140699462890625, 0.000893190699168, 4.277408123016357
32768, 32768000, 3.141277954101562, 0.000314699488231, 4.413248062133789
32768, 327680000, 3.141510363769531, 0.000082289820262, 7.981664180755615
32768, 3276800000, 3.141594965820313, 0.000002312230519, 34.713760375976562
65536, 65536, 3.139526367187500, 0.002066286402293, 5.741024017333984
65536, 655360, 3.140771484375000, 0.000821169214793, 5.746016025543213
65536, 6553600, 3.141821899414063, 0.000229245824269, 5.702047824859619
65536, 65536000, 3.141375183105469, 0.000217470484325, 7.706208229064941
65536, 655360000, 3.141564349365234, 0.000028304224559, 13.529184341430664
65536, 6553600000, 3.141583500976563, 0.000009152613230, 65.776321411132812
131072, 131072, 3.140747070312500, 0.000845583277293, 8.017791748046875
131072, 1310720, 3.142007446289063, 0.000414792699269, 7.459616184234619
131072, 13107200, 3.141426391601562, 0.000166261988231, 7.383264064788818
131072, 131072000, 3.141464721679688, 0.000127931910106, 7.969088077545166
131072, 1310720000, 3.141571228027344, 0.000021425562450, 14.948991775512695
131072, 13107200000, 3.141581493835449, 0.000011159754344, 96.146690368652344
262144, 262144, 3.138931274414062, 0.002661379175731, 12.712096214294434
262144, 2621440, 3.142536926269531, 0.000944272679738, 11.924320220947266
262144, 26214400, 3.141601257324219, 0.000008603734426, 11.846528053283691
262144, 262144000, 3.141531753540039, 0.000060900049754, 13.031999588012695
262144, 2621440000, 3.141598719787598, 0.000006066197805, 27.887424468994141
262144, 26214400000, 3.141573204193115, 0.000019449396678, 197.309951782226562
512, 512, 3.085937500000000, 0.055655153589793, 2.990592002868652
512, 5120, 3.133593750000000, 0.007998903589793, 2.997600078582764
512, 51200, 3.141093750000000, 0.000498903589793, 3.060767889022827
512, 512000, 3.143312500000000, 0.001719846410207, 3.076544046401978
512, 5120000, 3.141294531250000, 0.000298122339793, 4.275199890136719
512, 51200000, 3.141506718750000, 0.000085934839793, 16.762144088745117
1024, 1024, 3.105468750000000, 0.036123903589793, 3.053535938262939
1024, 10240, 3.137890625000000, 0.003702028589793, 3.100415945053101
1024, 102400, 3.135859375000000, 0.005733278589793, 3.029376029968262
1024, 1024000, 3.141980468750000, 0.000387815160207, 3.128223896026611
1024, 10240000, 3.141609375000000, 0.000016721410207, 4.266272068023682
1024, 102400000, 3.141551914062500, 0.000040739527293, 15.849472045898438
2048, 2048, 3.117187500000000, 0.024405153589793, 3.116672039031982
2048, 20480, 3.134179687500000, 0.007412966089793, 3.128351926803589
2048, 204800, 3.139492187500000, 0.002100466089793, 3.149823904037476
2048, 2048000, 3.141523437500000, 0.000069216089793, 3.212671995162964
2048, 20480000, 3.141573437500000, 0.000019216089793, 4.372191905975342
2048, 204800000, 3.141698808593750, 0.000106155003957, 15.829376220703125
4096, 4096, 3.117187500000000, 0.024405153589793, 3.228192090988159
4096, 40960, 3.138769531250000, 0.002823122339793, 3.186752080917358
4096, 409600, 3.138154296875000, 0.003438356714793, 3.198368072509766
4096, 4096000, 3.140332031250000, 0.001260622339793, 3.523423910140991
4096, 40960000, 3.141352343750000, 0.000240309839793, 4.663008213043213
4096, 409600000, 3.141663974609375, 0.000071321019582, 19.866144180297852
8192, 8192, 3.116210937500000, 0.025381716089793, 3.895872116088867
8192, 81920, 3.141796875000000, 0.000204221410207, 3.602751970291138
8192, 819200, 3.140239257812500, 0.001353395777293, 3.840928077697754
8192, 8192000, 3.140787109375000, 0.000805544214793, 3.628992080688477
8192, 81920000, 3.141553857421875, 0.000038796167918, 4.636576175689697
8192, 819200000, 3.141583427734375, 0.000009225855418, 16.442815780639648
16384, 16384, 3.132568359375000, 0.009024294214793, 3.438816070556641
16384, 163840, 3.137500000000000, 0.004092653589793, 3.522207975387573
16384, 1638400, 3.141030273437500, 0.000562380152293, 3.458528041839600
16384, 16384000, 3.140885253906250, 0.000707399683543, 3.600575923919678
16384, 163840000, 3.141533056640625, 0.000059596949168, 4.640031814575195
16384, 1638400000, 3.141602412109375, 0.000009758519582, 16.626720428466797
32768, 32768, 3.138183593750000, 0.003409059839793, 4.186304092407227
32768, 327680, 3.142138671875000, 0.000546018285207, 4.135072231292725
32768, 3276800, 3.140699462890625, 0.000893190699168, 4.252704143524170
32768, 32768000, 3.141277954101562, 0.000314699488231, 4.272768020629883
32768, 327680000, 3.141510363769531, 0.000082289820262, 6.308832168579102
32768, 3276800000, 3.141594965820313, 0.000002312230519, 28.048608779907227
65536, 65536, 3.139526367187500, 0.002066286402293, 5.225759983062744
65536, 655360, 3.140771484375000, 0.000821169214793, 5.239583969116211
65536, 6553600, 3.141821899414063, 0.000229245824269, 5.225696086883545
65536, 65536000, 3.141375183105469, 0.000217470484325, 5.164415836334229
65536, 655360000, 3.141564349365234, 0.000028304224559, 9.346272468566895
65536, 6553600000, 3.141583500976563, 0.000009152613230, 56.009887695312500
131072, 131072, 3.140747070312500, 0.000845583277293, 7.393087863922119
131072, 1310720, 3.142007446289063, 0.000414792699269, 8.616543769836426
131072, 13107200, 3.141426391601562, 0.000166261988231, 7.580832004547119
131072, 131072000, 3.141464721679688, 0.000127931910106, 7.654016017913818
131072, 1310720000, 3.141571228027344, 0.000021425562450, 16.576896667480469
131072, 13107200000, 3.141581493835449, 0.000011159754344, 98.366371154785156
262144, 262144, 3.138931274414062, 0.002661379175731, 11.290464401245117
262144, 2621440, 3.142536926269531, 0.000944272679738, 13.657055854797363
262144, 26214400, 3.141601257324219, 0.000008603734426, 11.333984375000000
262144, 262144000, 3.141531753540039, 0.000060900049754, 12.177151679992676
262144, 2621440000, 3.141598719787598, 0.000006066197805, 24.341760635375977
262144, 26214400000, 3.141573204193115, 0.000019449396678, 188.281112670898438
524288, 524288, 3.141983032226562, 0.000390378636769, 21.479391098022461
524288, 5242880, 3.142138671875000, 0.000546018285207, 21.549119949340820
524288, 52428800, 3.141567153930664, 0.000025499659129, 21.887968063354492
524288, 524288000, 3.141600051879883, 0.000007398290090, 23.447040557861328
524288, 5242880000, 3.141582692718506, 0.000009960871287, 55.891136169433594
524288, 52428800000, 3.141585858230591, 0.000006795359202, 388.305603027343750
1024, 1024, 3.105468750000000, 0.036123903589793, 3.247967958450317
1024, 10240, 3.137890625000000, 0.003702028589793, 3.350368022918701
1024, 102400, 3.135859375000000, 0.005733278589793, 3.183936119079590
1024, 1024000, 3.141980468750000, 0.000387815160207, 3.373120069503784
1024, 10240000, 3.141609375000000, 0.000016721410207, 5.546271800994873
1024, 102400000, 3.141551914062500, 0.000040739527293, 28.595232009887695
2048, 2048, 3.117187500000000, 0.024405153589793, 3.367295980453491
2048, 20480, 3.134179687500000, 0.007412966089793, 3.672224044799805
2048, 204800, 3.139492187500000, 0.002100466089793, 3.380000114440918
2048, 2048000, 3.141523437500000, 0.000069216089793, 3.574527978897095
2048, 20480000, 3.141573437500000, 0.000019216089793, 5.845791816711426
2048, 204800000, 3.141698808593750, 0.000106155003957, 27.468896865844727
4096, 4096, 3.117187500000000, 0.024405153589793, 3.532511949539185
4096, 40960, 3.138769531250000, 0.002823122339793, 3.533760070800781
4096, 409600, 3.138154296875000, 0.003438356714793, 3.554399967193604
4096, 4096000, 3.140332031250000, 0.001260622339793, 3.674144029617310
4096, 40960000, 3.141352343750000, 0.000240309839793, 5.995264053344727
4096, 409600000, 3.141663974609375, 0.000071321019582, 28.351808547973633
8192, 8192, 3.116210937500000, 0.025381716089793, 3.732064008712769
8192, 81920, 3.141796875000000, 0.000204221410207, 3.768383979797363
8192, 819200, 3.140239257812500, 0.001353395777293, 3.679264068603516
8192, 8192000, 3.140787109375000, 0.000805544214793, 3.803711891174316
8192, 81920000, 3.141553857421875, 0.000038796167918, 5.849088191986084
8192, 819200000, 3.141583427734375, 0.000009225855418, 28.511711120605469
16384, 16384, 3.132568359375000, 0.009024294214793, 3.948832035064697
16384, 163840, 3.137500000000000, 0.004092653589793, 3.860415935516357
16384, 1638400, 3.141030273437500, 0.000562380152293, 3.861279964447021
16384, 16384000, 3.140885253906250, 0.000707399683543, 3.963200092315674
16384, 163840000, 3.141533056640625, 0.000059596949168, 5.936384201049805
16384, 1638400000, 3.141602412109375, 0.000009758519582, 29.174528121948242
32768, 32768, 3.138183593750000, 0.003409059839793, 3.955296039581299
32768, 327680, 3.142138671875000, 0.000546018285207, 3.940191984176636
32768, 3276800, 3.140699462890625, 0.000893190699168, 3.942879915237427
32768, 32768000, 3.141277954101562, 0.000314699488231, 3.978591918945312
32768, 327680000, 3.141510363769531, 0.000082289820262, 6.036352157592773
32768, 3276800000, 3.141594965820313, 0.000002312230519, 28.641344070434570
65536, 65536, 3.139526367187500, 0.002066286402293, 5.314464092254639
65536, 655360, 3.140771484375000, 0.000821169214793, 5.304287910461426
65536, 6553600, 3.141821899414063, 0.000229245824269, 5.195392131805420
65536, 65536000, 3.141375183105469, 0.000217470484325, 5.921951770782471
65536, 655360000, 3.141564349365234, 0.000028304224559, 9.579903602600098
65536, 6553600000, 3.141583500976563, 0.000009152613230, 54.606655120849609
131072, 131072, 3.140747070312500, 0.000845583277293, 7.597216129302979
131072, 1310720, 3.142007446289063, 0.000414792699269, 7.492928028106689
131072, 13107200, 3.141426391601562, 0.000166261988231, 7.394015789031982
131072, 131072000, 3.141464721679688, 0.000127931910106, 7.732096195220947
131072, 1310720000, 3.141571228027344, 0.000021425562450, 16.092960357666016
131072, 13107200000, 3.141581493835449, 0.000011159754344, 103.383392333984375
262144, 262144, 3.138931274414062, 0.002661379175731, 11.491135597229004
262144, 2621440, 3.142536926269531, 0.000944272679738, 12.827520370483398
262144, 26214400, 3.141601257324219, 0.000008603734426, 11.583840370178223
262144, 262144000, 3.141531753540039, 0.000060900049754, 11.560735702514648
262144, 2621440000, 3.141598719787598, 0.000006066197805, 27.092992782592773
262144, 26214400000, 3.141573204193115, 0.000019449396678, 190.050338745117188
524288, 524288, 3.141983032226562, 0.000390378636769, 22.425056457519531
524288, 5242880, 3.142138671875000, 0.000546018285207, 19.784095764160156
524288, 52428800, 3.141567153930664, 0.000025499659129, 19.763967514038086
524288, 524288000, 3.141600051879883, 0.000007398290090, 21.538719177246094
524288, 5242880000, 3.141582692718506, 0.000009960871287, 44.809982299804688
524288, 52428800000, 3.141585858230591, 0.000006795359202, 371.421966552734375
1048576, 1048576, 3.139900207519531, 0.001692446070262, 47.868801116943359
1048576, 10485760, 3.141432189941406, 0.000160463648387, 39.129280090332031
1048576, 104857600, 3.141602287292480, 0.000009633702687, 41.784191131591797
1048576, 1048576000, 3.141625568389892, 0.000032914800099, 47.497024536132812
1048576, 10485760000, 3.141596286773682, 0.000003633183888, 106.827613830566406
1048576, 104857600000, 3.141587392044067, 0.000005261545726, 735.648437500000000
2048, 2048, 3.117187500000000, 0.024405153589793, 4.409567832946777
2048, 20480, 3.134179687500000, 0.007412966089793, 3.571520090103149
2048, 204800, 3.139492187500000, 0.002100466089793, 3.593951940536499
2048, 2048000, 3.141523437500000, 0.000069216089793, 3.741120100021362
2048, 20480000, 3.141573437500000, 0.000019216089793, 18.279647827148438
2048, 204800000, 3.141698808593750, 0.000106155003957, 46.780513763427734
4096, 4096, 3.117187500000000, 0.024405153589793, 3.855583906173706
4096, 40960, 3.138769531250000, 0.002823122339793, 4.115776062011719
4096, 409600, 3.138154296875000, 0.003438356714793, 3.870815992355347
4096, 4096000, 3.140332031250000, 0.001260622339793, 4.427072048187256
4096, 40960000, 3.141352343750000, 0.000240309839793, 8.740192413330078
4096, 409600000, 3.141663974609375, 0.000071321019582, 50.510753631591797
8192, 8192, 3.116210937500000, 0.025381716089793, 4.271103858947754
8192, 81920, 3.141796875000000, 0.000204221410207, 4.133088111877441
8192, 819200, 3.140239257812500, 0.001353395777293, 4.815839767456055
8192, 8192000, 3.140787109375000, 0.000805544214793, 4.106336116790771
8192, 81920000, 3.141553857421875, 0.000038796167918, 7.868063926696777
8192, 819200000, 3.141583427734375, 0.000009225855418, 46.213054656982422
16384, 16384, 3.132568359375000, 0.009024294214793, 4.524928092956543
16384, 163840, 3.137500000000000, 0.004092653589793, 4.374303817749023
16384, 1638400, 3.141030273437500, 0.000562380152293, 4.432576179504395
16384, 16384000, 3.140885253906250, 0.000707399683543, 4.408127784729004
16384, 163840000, 3.141533056640625, 0.000059596949168, 7.918687820434570
16384, 1638400000, 3.141602412109375, 0.000009758519582, 46.391105651855469
32768, 32768, 3.138183593750000, 0.003409059839793, 4.563488006591797
32768, 327680, 3.142138671875000, 0.000546018285207, 4.333471775054932
32768, 3276800, 3.140699462890625, 0.000893190699168, 4.597023963928223
32768, 32768000, 3.141277954101562, 0.000314699488231, 4.653567790985107
32768, 327680000, 3.141510363769531, 0.000082289820262, 8.648351669311523
32768, 3276800000, 3.141594965820313, 0.000002312230519, 46.572639465332031
65536, 65536, 3.139526367187500, 0.002066286402293, 4.751232147216797
65536, 655360, 3.140771484375000, 0.000821169214793, 4.505727767944336
65536, 6553600, 3.141821899414063, 0.000229245824269, 4.760672092437744
65536, 65536000, 3.141375183105469, 0.000217470484325, 4.774528026580811
65536, 655360000, 3.141564349365234, 0.000028304224559, 8.226528167724609
65536, 6553600000, 3.141583500976563, 0.000009152613230, 47.205760955810547
131072, 131072, 3.140747070312500, 0.000845583277293, 8.230048179626465
131072, 1310720, 3.142007446289063, 0.000414792699269, 7.332543849945068
131072, 13107200, 3.141426391601562, 0.000166261988231, 7.312607765197754
131072, 131072000, 3.141464721679688, 0.000127931910106, 9.111743927001953
131072, 1310720000, 3.141571228027344, 0.000021425562450, 17.889759063720703
131072, 13107200000, 3.141581493835449, 0.000011159754344, 108.791519165039062
262144, 262144, 3.138931274414062, 0.002661379175731, 12.343744277954102
262144, 2621440, 3.142536926269531, 0.000944272679738, 11.328703880310059
262144, 26214400, 3.141601257324219, 0.000008603734426, 11.569727897644043
262144, 262144000, 3.141531753540039, 0.000060900049754, 11.579008102416992
262144, 2621440000, 3.141598719787598, 0.000006066197805, 27.954687118530273
262144, 26214400000, 3.141573204193115, 0.000019449396678, 200.787673950195312
524288, 524288, 3.141983032226562, 0.000390378636769, 20.709856033325195
524288, 5242880, 3.142138671875000, 0.000546018285207, 19.613536834716797
524288, 52428800, 3.141567153930664, 0.000025499659129, 20.429952621459961
524288, 524288000, 3.141600051879883, 0.000007398290090, 20.121791839599609
524288, 5242880000, 3.141582692718506, 0.000009960871287, 47.340641021728516
524288, 52428800000, 3.141585858230591, 0.000006795359202, 387.848602294921875
1048576, 1048576, 3.139900207519531, 0.001692446070262, 44.365440368652344
1048576, 10485760, 3.141432189941406, 0.000160463648387, 42.451583862304688
1048576, 104857600, 3.141602287292480, 0.000009633702687, 42.539585113525391
1048576, 1048576000, 3.141625568389892, 0.000032914800099, 45.051486968994141
1048576, 10485760000, 3.141596286773682, 0.000003633183888, 100.363426208496094
1048576, 104857600000, 3.141587392044067, 0.000005261545726, 804.734191894531250
2097152, 2097152, 3.139045715332031, 0.002546938257762, 79.212799072265625
2097152, 20971520, 3.141134262084961, 0.000458391504832, 83.453117370605469
2097152, 209715200, 3.141686382293701, 0.000093728703908, 76.994209289550781
2097152, 2097152000, 3.141667919158936, 0.000075265569143, 86.517379760742188
2097152, 20971520000, 3.141601864814758, 0.000009211224965, 204.290206909179688
2097152, 209715200000, 3.141593602657318, 0.000000949067525, 1541.838867187500000
4096, 4096, 3.117187500000000, 0.024405153589793, 6.331456184387207
4096, 40960, 3.138769531250000, 0.002823122339793, 4.877024173736572
4096, 409600, 3.138154296875000, 0.003438356714793, 4.583968162536621
4096, 4096000, 3.140332031250000, 0.001260622339793, 4.766143798828125
4096, 40960000, 3.141352343750000, 0.000240309839793, 14.612544059753418
4096, 409600000, 3.141663974609375, 0.000071321019582, 93.617248535156250
8192, 8192, 3.116210937500000, 0.025381716089793, 6.527264118194580
8192, 81920, 3.141796875000000, 0.000204221410207, 4.874400138854980
8192, 819200, 3.140239257812500, 0.001353395777293, 4.770527839660645
8192, 8192000, 3.140787109375000, 0.000805544214793, 4.942687988281250
8192, 81920000, 3.141553857421875, 0.000038796167918, 12.310367584228516
8192, 819200000, 3.141583427734375, 0.000009225855418, 91.454307556152344
16384, 16384, 3.132568359375000, 0.009024294214793, 5.894048213958740
16384, 163840, 3.137500000000000, 0.004092653589793, 5.487936019897461
16384, 1638400, 3.141030273437500, 0.000562380152293, 5.685952186584473
16384, 16384000, 3.140885253906250, 0.000707399683543, 5.874464035034180
16384, 163840000, 3.141533056640625, 0.000059596949168, 13.292960166931152
16384, 1638400000, 3.141602412109375, 0.000009758519582, 93.145088195800781
32768, 32768, 3.138183593750000, 0.003409059839793, 5.768703937530518
32768, 327680, 3.142138671875000, 0.000546018285207, 6.441247940063477
32768, 3276800, 3.140699462890625, 0.000893190699168, 6.499616146087646
32768, 32768000, 3.141277954101562, 0.000314699488231, 6.004191875457764
32768, 327680000, 3.141510363769531, 0.000082289820262, 13.952480316162109
32768, 3276800000, 3.141594965820313, 0.000002312230519, 95.265632629394531
65536, 65536, 3.139526367187500, 0.002066286402293, 7.724287986755371
65536, 655360, 3.140771484375000, 0.000821169214793, 7.895679950714111
65536, 6553600, 3.141821899414063, 0.000229245824269, 6.548160076141357
65536, 65536000, 3.141375183105469, 0.000217470484325, 6.897344112396240
65536, 655360000, 3.141564349365234, 0.000028304224559, 13.994015693664551
65536, 6553600000, 3.141583500976563, 0.000009152613230, 94.826492309570312
131072, 131072, 3.140747070312500, 0.000845583277293, 8.055168151855469
131072, 1310720, 3.142007446289063, 0.000414792699269, 7.703360080718994
131072, 13107200, 3.141426391601562, 0.000166261988231, 7.908959865570068
131072, 131072000, 3.141464721679688, 0.000127931910106, 7.844672203063965
131072, 1310720000, 3.141571228027344, 0.000021425562450, 14.689375877380371
131072, 13107200000, 3.141581493835449, 0.000011159754344, 99.107200622558594
262144, 262144, 3.138931274414062, 0.002661379175731, 13.062687873840332
262144, 2621440, 3.142536926269531, 0.000944272679738, 11.994879722595215
262144, 26214400, 3.141601257324219, 0.000008603734426, 11.846816062927246
262144, 262144000, 3.141531753540039, 0.000060900049754, 12.971296310424805
262144, 2621440000, 3.141598719787598, 0.000006066197805, 27.832960128784180
262144, 26214400000, 3.141573204193115, 0.000019449396678, 203.237091064453125
524288, 524288, 3.141983032226562, 0.000390378636769, 21.882528305053711
524288, 5242880, 3.142138671875000, 0.000546018285207, 23.698976516723633
524288, 52428800, 3.141567153930664, 0.000025499659129, 22.932672500610352
524288, 524288000, 3.141600051879883, 0.000007398290090, 22.527711868286133
524288, 5242880000, 3.141582692718506, 0.000009960871287, 53.476478576660156
524288, 52428800000, 3.141585858230591, 0.000006795359202, 390.766082763671875
1048576, 1048576, 3.139900207519531, 0.001692446070262, 40.328094482421875
1048576, 10485760, 3.141432189941406, 0.000160463648387, 40.398750305175781
1048576, 104857600, 3.141602287292480, 0.000009633702687, 43.672897338867188
1048576, 1048576000, 3.141625568389892, 0.000032914800099, 41.787200927734375
1048576, 10485760000, 3.141596286773682, 0.000003633183888, 102.282211303710938
1048576, 104857600000, 3.141587392044067, 0.000005261545726, 778.423400878906250
2097152, 2097152, 3.139045715332031, 0.002546938257762, 80.976577758789062
2097152, 20971520, 3.141134262084961, 0.000458391504832, 78.293792724609375
2097152, 209715200, 3.141686382293701, 0.000093728703908, 78.695808410644531
2097152, 2097152000, 3.141667919158936, 0.000075265569143, 85.541244506835938
2097152, 20971520000, 3.141601864814758, 0.000009211224965, 184.724349975585938
2097152, 209715200000, 3.141593602657318, 0.000000949067525, 1539.714233398437500
4194304, 4194304, 3.140142440795898, 0.001450212793895, 177.956420898437500
4194304, 41943040, 3.141326999664307, 0.000265653925486, 179.866119384765625
4194304, 419430400, 3.141702308654785, 0.000109655064992, 170.045120239257812
4194304, 4194304000, 3.141652649879456, 0.000059996289663, 183.256103515625000
4194304, 41943040000, 3.141590843009949, 0.000001810579844, 396.780822753906250
4194304, 419430400000, 3.141591764249802, 0.000000889339991, 2927.895507812500000
8192, 8192, 3.116210937500000, 0.025381716089793, 6.445055961608887
8192, 81920, 3.141796875000000, 0.000204221410207, 6.522528171539307
8192, 819200, 3.140239257812500, 0.001353395777293, 6.231872081756592
8192, 8192000, 3.140787109375000, 0.000805544214793, 6.965824127197266
8192, 81920000, 3.141553857421875, 0.000038796167918, 21.909439086914062
8192, 819200000, 3.141583427734375, 0.000009225855418, 180.316452026367188
16384, 16384, 3.132568359375000, 0.009024294214793, 9.106495857238770
16384, 163840, 3.137500000000000, 0.004092653589793, 9.018336296081543
16384, 1638400, 3.141030273437500, 0.000562380152293, 8.095775604248047
16384, 16384000, 3.140885253906250, 0.000707399683543, 8.042079925537109
16384, 163840000, 3.141533056640625, 0.000059596949168, 21.918655395507812
16384, 1638400000, 3.141602412109375, 0.000009758519582, 172.853851318359375
32768, 32768, 3.138183593750000, 0.003409059839793, 8.577664375305176
32768, 327680, 3.142138671875000, 0.000546018285207, 8.526047706604004
32768, 3276800, 3.140699462890625, 0.000893190699168, 8.616479873657227
32768, 32768000, 3.141277954101562, 0.000314699488231, 8.669535636901855
32768, 327680000, 3.141510363769531, 0.000082289820262, 22.496480941772461
32768, 3276800000, 3.141594965820313, 0.000002312230519, 174.390014648437500
65536, 65536, 3.139526367187500, 0.002066286402293, 9.749312400817871
65536, 655360, 3.140771484375000, 0.000821169214793, 9.428671836853027
65536, 6553600, 3.141821899414063, 0.000229245824269, 9.229184150695801
65536, 65536000, 3.141375183105469, 0.000217470484325, 9.643456459045410
65536, 655360000, 3.141564349365234, 0.000028304224559, 23.038143157958984
65536, 6553600000, 3.141583500976563, 0.000009152613230, 173.584732055664062
131072, 131072, 3.140747070312500, 0.000845583277293, 10.242048263549805
131072, 1310720, 3.142007446289063, 0.000414792699269, 10.194784164428711
131072, 13107200, 3.141426391601562, 0.000166261988231, 10.243231773376465
131072, 131072000, 3.141464721679688, 0.000127931910106, 10.156607627868652
131072, 1310720000, 3.141571228027344, 0.000021425562450, 24.949504852294922
131072, 13107200000, 3.141581493835449, 0.000011159754344, 185.857604980468750
262144, 262144, 3.138931274414062, 0.002661379175731, 11.021471977233887
262144, 2621440, 3.142536926269531, 0.000944272679738, 11.080927848815918
262144, 26214400, 3.141601257324219, 0.000008603734426, 11.010080337524414
262144, 262144000, 3.141531753540039, 0.000060900049754, 12.586367607116699
262144, 2621440000, 3.141598719787598, 0.000006066197805, 23.515615463256836
262144, 26214400000, 3.141573204193115, 0.000019449396678, 191.371490478515625
524288, 524288, 3.141983032226562, 0.000390378636769, 22.625343322753906
524288, 5242880, 3.142138671875000, 0.000546018285207, 21.795423507690430
524288, 52428800, 3.141567153930664, 0.000025499659129, 19.607711791992188
524288, 524288000, 3.141600051879883, 0.000007398290090, 20.004095077514648
524288, 5242880000, 3.141582692718506, 0.000009960871287, 50.811073303222656
524288, 52428800000, 3.141585858230591, 0.000006795359202, 383.718444824218750
1048576, 1048576, 3.139900207519531, 0.001692446070262, 38.272735595703125
1048576, 10485760, 3.141432189941406, 0.000160463648387, 41.165248870849609
1048576, 104857600, 3.141602287292480, 0.000009633702687, 38.273887634277344
1048576, 1048576000, 3.141625568389892, 0.000032914800099, 38.539329528808594
1048576, 10485760000, 3.141596286773682, 0.000003633183888, 98.192131042480469
1048576, 104857600000, 3.141587392044067, 0.000005261545726, 774.098876953125000
2097152, 2097152, 3.139045715332031, 0.002546938257762, 76.799201965332031
2097152, 20971520, 3.141134262084961, 0.000458391504832, 78.557121276855469
2097152, 209715200, 3.141686382293701, 0.000093728703908, 80.350494384765625
2097152, 2097152000, 3.141667919158936, 0.000075265569143, 82.188194274902344
2097152, 20971520000, 3.141601864814758, 0.000009211224965, 195.273956298828125
2097152, 209715200000, 3.141593602657318, 0.000000949067525, 1586.120239257812500
4194304, 4194304, 3.140142440795898, 0.001450212793895, 178.079803466796875
4194304, 41943040, 3.141326999664307, 0.000265653925486, 161.356353759765625
4194304, 419430400, 3.141702308654785, 0.000109655064992, 161.523040771484375
4194304, 4194304000, 3.141652649879456, 0.000059996289663, 176.537826538085938
4194304, 41943040000, 3.141590843009949, 0.000001810579844, 376.278717041015625
4194304, 419430400000, 3.141591764249802, 0.000000889339991, 2959.874755859375000
8388608, 8388608, 3.140740871429443, 0.000851782160350, 335.895568847656250
8388608, 83886080, 3.141443967819214, 0.000148685770579, 321.028289794921875
8388608, 838860800, 3.141595487594604, 0.000002834004811, 319.530700683593750
8388608, 8388608000, 3.141623249053955, 0.000030595464162, 361.749450683593750
8388608, 83886080000, 3.141593134975433, 0.000000481385640, 831.989013671875000
8388608, 838860800000, 3.141591759376526, 0.000000894213267, 5764.931640625000000
16384, 16384, 3.132568359375000, 0.009024294214793, 12.472928047180176
16384, 163840, 3.137500000000000, 0.004092653589793, 10.355072021484375
16384, 1638400, 3.141030273437500, 0.000562380152293, 10.328031539916992
16384, 16384000, 3.140885253906250, 0.000707399683543, 10.852543830871582
16384, 163840000, 3.141533056640625, 0.000059596949168, 40.181919097900391
16384, 1638400000, 3.141602412109375, 0.000009758519582, 344.439239501953125
32768, 32768, 3.138183593750000, 0.003409059839793, 12.423711776733398
32768, 327680, 3.142138671875000, 0.000546018285207, 14.631039619445801
32768, 3276800, 3.140699462890625, 0.000893190699168, 12.250847816467285
32768, 32768000, 3.141277954101562, 0.000314699488231, 12.369055747985840
32768, 327680000, 3.141510363769531, 0.000082289820262, 40.365825653076172
32768, 3276800000, 3.141594965820313, 0.000002312230519, 339.606597900390625
65536, 65536, 3.139526367187500, 0.002066286402293, 16.080768585205078
65536, 655360, 3.140771484375000, 0.000821169214793, 14.763392448425293
65536, 6553600, 3.141821899414063, 0.000229245824269, 14.693759918212891
65536, 65536000, 3.141375183105469, 0.000217470484325, 14.840448379516602
65536, 655360000, 3.141564349365234, 0.000028304224559, 41.342559814453125
65536, 6553600000, 3.141583500976563, 0.000009152613230, 340.236694335937500
131072, 131072, 3.140747070312500, 0.000845583277293, 17.259071350097656
131072, 1310720, 3.142007446289063, 0.000414792699269, 15.972384452819824
131072, 13107200, 3.141426391601562, 0.000166261988231, 15.940959930419922
131072, 131072000, 3.141464721679688, 0.000127931910106, 15.967328071594238
131072, 1310720000, 3.141571228027344, 0.000021425562450, 41.905727386474609
131072, 13107200000, 3.141581493835449, 0.000011159754344, 340.541320800781250
262144, 262144, 3.138931274414062, 0.002661379175731, 19.893344879150391
262144, 2621440, 3.142536926269531, 0.000944272679738, 17.984224319458008
262144, 26214400, 3.141601257324219, 0.000008603734426, 18.017311096191406
262144, 262144000, 3.141531753540039, 0.000060900049754, 18.038143157958984
262144, 2621440000, 3.141598719787598, 0.000006066197805, 42.472129821777344
262144, 26214400000, 3.141573204193115, 0.000019449396678, 345.799591064453125
524288, 524288, 3.141983032226562, 0.000390378636769, 22.505216598510742
524288, 5242880, 3.142138671875000, 0.000546018285207, 19.311679840087891
524288, 52428800, 3.141567153930664, 0.000025499659129, 19.554079055786133
524288, 524288000, 3.141600051879883, 0.000007398290090, 19.419168472290039
524288, 5242880000, 3.141582692718506, 0.000009960871287, 43.590560913085938
524288, 52428800000, 3.141585858230591, 0.000006795359202, 380.513732910156250
1048576, 1048576, 3.139900207519531, 0.001692446070262, 40.117439270019531
1048576, 10485760, 3.141432189941406, 0.000160463648387, 38.840320587158203
1048576, 104857600, 3.141602287292480, 0.000009633702687, 38.926849365234375
1048576, 1048576000, 3.141625568389892, 0.000032914800099, 38.925407409667969
1048576, 10485760000, 3.141596286773682, 0.000003633183888, 100.547775268554688
1048576, 104857600000, 3.141587392044067, 0.000005261545726, 748.434265136718750
2097152, 2097152, 3.139045715332031, 0.002546938257762, 77.513664245605469
2097152, 20971520, 3.141134262084961, 0.000458391504832, 76.906112670898438
2097152, 209715200, 3.141686382293701, 0.000093728703908, 77.521697998046875
2097152, 2097152000, 3.141667919158936, 0.000075265569143, 79.712287902832031
2097152, 20971520000, 3.141601864814758, 0.000009211224965, 192.099578857421875
2097152, 209715200000, 3.141593602657318, 0.000000949067525, 1529.723754882812500
4194304, 4194304, 3.140142440795898, 0.001450212793895, 171.736541748046875
4194304, 41943040, 3.141326999664307, 0.000265653925486, 156.204925537109375
4194304, 419430400, 3.141702308654785, 0.000109655064992, 156.860412597656250
4194304, 4194304000, 3.141652649879456, 0.000059996289663, 163.580825805664062
4194304, 41943040000, 3.141590843009949, 0.000001810579844, 381.262634277343750
4194304, 419430400000, 3.141591764249802, 0.000000889339991, 2921.167724609375000
8388608, 8388608, 3.140740871429443, 0.000851782160350, 332.479980468750000
8388608, 83886080, 3.141443967819214, 0.000148685770579, 317.157531738281250
8388608, 838860800, 3.141595487594604, 0.000002834004811, 318.538421630859375
8388608, 8388608000, 3.141623249053955, 0.000030595464162, 341.012695312500000
8388608, 83886080000, 3.141593134975433, 0.000000481385640, 760.648498535156250
8388608, 838860800000, 3.141591759376526, 0.000000894213267, 5683.228515625000000
16777216, 16777216, 3.140941858291626, 0.000650795298167, 700.813415527343750
16777216, 167772160, 3.141466546058655, 0.000126107531139, 690.911010742187500
16777216, 1677721600, 3.141588270664215, 0.000004382925578, 696.539916992187500
16777216, 16777216000, 3.141597006082535, 0.000004352492742, 770.394287109375000
16777216, 167772160000, 3.141590579104423, 0.000002074485370, 1659.007080078125000
16777216, 1677721600000, 3.141592872507572, 0.000000218917779, 11144.490234375000000
